{"cameraMode":{"drawMode":0,"name":"Shaded","section":"Shading Mode"},"sceneLighting":false,"audioPlay":false,"sceneViewState":{"m_AlwaysRefresh":false,"showFog":true,"showSkybox":false,"showFlares":true,"showImageEffects":true,"showParticleSystems":true,"showVisualEffectGraphs":true,"m_FxEnabled":true},"in2DMode":false,"pivot":{"x":1.6737065315246583,"y":-2.089945077896118,"z":-0.19480109214782716},"rotation":{"x":-0.024306757375597955,"y":-0.006900440901517868,"z":0.00016769285139162093,"w":-0.9996824860572815},"size":2.1423046588897707,"orthographic":false}