{"cameraMode":{"drawMode":0,"name":"Shaded","section":"Shading Mode"},"sceneLighting":false,"audioPlay":false,"sceneViewState":{"m_AlwaysRefresh":false,"showFog":true,"showSkybox":false,"showFlares":true,"showImageEffects":true,"showParticleSystems":true,"showVisualEffectGraphs":true,"m_FxEnabled":true},"in2DMode":false,"pivot":{"x":0.2268284559249878,"y":-1.1685727834701539,"z":0.24468612670898438},"rotation":{"x":-0.024306757375597955,"y":-0.006900440901517868,"z":0.00016769285139162093,"w":-0.9996824860572815},"size":3.9485058784484865,"orthographic":true}