{"cameraMode":{"drawMode":0,"name":"Shaded","section":"Shading Mode"},"sceneLighting":false,"audioPlay":false,"sceneViewState":{"m_AlwaysRefresh":false,"showFog":true,"showSkybox":true,"showFlares":true,"showImageEffects":true,"showParticleSystems":true,"showVisualEffectGraphs":true,"m_FxEnabled":true},"in2DMode":false,"pivot":{"x":3.9936723709106447,"y":-2.416585922241211,"z":-0.12953519821166993},"rotation":{"x":-0.018308687955141069,"y":0.000597379170358181,"z":-0.00001102709211409092,"w":-0.999833881855011},"size":6.522319316864014,"orthographic":false}