{"cameraMode":{"drawMode":0,"name":"Shaded","section":"Shading Mode"},"sceneLighting":false,"audioPlay":false,"sceneViewState":{"m_AlwaysRefresh":false,"showFog":true,"showSkybox":false,"showFlares":true,"showImageEffects":true,"showParticleSystems":true,"showVisualEffectGraphs":true,"m_FxEnabled":true},"in2DMode":false,"pivot":{"x":2.3535211086273195,"y":-0.07480061054229737,"z":0.19483160972595216},"rotation":{"x":-0.024306757375597955,"y":-0.006900440901517868,"z":0.00016769285139162093,"w":-0.9996824860572815},"size":1.6594274044036866,"orthographic":true}